{
	"info": {
		"_postman_id": "bd8e7afa-0e88-4607-9bc0-e21607db5259",
		"name": "Blog API",
		"schema": "https://schema.getpostman.com/json/collection/v2.1.0/collection.json",
		"_exporter_id": "48183804",
		"_collection_link": "https://subba-shrestha031-3545224.postman.co/workspace/c6a8c0ab-c413-401c-8987-12f31ab0c2fc/collection/48183804-bd8e7afa-0e88-4607-9bc0-e21607db5259?action=share&source=collection_link&creator=48183804"
	},
	"item": [
		{
			"name": "Create Blog",
			"request": {
				"method": "POST",
				"header": [],
				"body": {
					"mode": "raw",
					"raw": "{\r\n    \"title\": \"Microservices with Spring Cloud\",\r\n    \"description\": \"Breaking apps into microservices\",\r\n    \"category\": \"Architecture\"\r\n}",
					"options": {
						"raw": {
							"language": "json"
						}
					}
				},
				"url": {
					"raw": "http://localhost:8080/blogs",
					"protocol": "http",
					"host": [
						"localhost"
					],
					"port": "8080",
					"path": [
						"blogs"
					]
				}
			},
			"response": []
		},
		{
			"name": "Get All Blogs",
			"protocolProfileBehavior": {
				"disableBodyPruning": true
			},
			"request": {
				"method": "GET",
				"header": [],
				"body": {
					"mode": "raw",
					"raw": "{\r\n    \"title\": \"Microservices with Spring Cloud\",\r\n    \"description\": \"Breaking apps into microservices\",\r\n    \"category\": \"Architecture\"\r\n}",
					"options": {
						"raw": {
							"language": "json"
						}
					}
				},
				"url": {
					"raw": "http://localhost:8080/blogs",
					"protocol": "http",
					"host": [
						"localhost"
					],
					"port": "8080",
					"path": [
						"blogs"
					]
				}
			},
			"response": []
		},
		{
			"name": "Get Blog by ID",
			"protocolProfileBehavior": {
				"disableBodyPruning": true
			},
			"request": {
				"method": "GET",
				"header": [],
				"body": {
					"mode": "raw",
					"raw": "{\r\n    \"title\": \"Microservices with Spring Cloud\",\r\n    \"description\": \"Breaking apps into microservices\",\r\n    \"category\": \"Architecture\"\r\n}"
				},
				"url": {
					"raw": "http://localhost:8080/blogs/1",
					"protocol": "http",
					"host": [
						"localhost"
					],
					"port": "8080",
					"path": [
						"blogs",
						"1"
					]
				}
			},
			"response": []
		},
		{
			"name": "New Request",
			"request": {
				"method": "PUT",
				"header": [],
				"body": {
					"mode": "raw",
					"raw": "{\r\n    \"title\": \"Updated Blog\",\r\n    \"description\": \"Updated description\",\r\n    \"category\": \"Tech\"\r\n}",
					"options": {
						"raw": {
							"language": "json"
						}
					}
				},
				"url": {
					"raw": "http://localhost:8080/blogs/1",
					"protocol": "http",
					"host": [
						"localhost"
					],
					"port": "8080",
					"path": [
						"blogs",
						"1"
					]
				}
			},
			"response": []
		}
	]
}